Waktu,Objek,Lat_Laptop,Lon_Laptop,Lat_Modul,Lon_Modul
2025-04-24 12:28:39,person,-7.2492,112.7508,,
2025-04-24 12:28:40,person,-7.2492,112.7508,,
2025-04-24 12:28:41,person,-7.2492,112.7508,,
2025-04-24 12:28:42,person,-7.2492,112.7508,,
2025-04-24 12:28:43,person,-7.2492,112.7508,,
2025-04-24 12:28:44,"person, person",-7.2492,112.7508,,
2025-04-24 12:28:45,person,-7.2492,112.7508,,
2025-04-24 12:28:46,person,-7.2492,112.7508,,
2025-04-24 12:28:48,"person, person",-7.2492,112.7508,,
2025-04-24 12:28:49,"person, person",-7.2492,112.7508,,
2025-04-24 12:28:51,"person, person",-7.2492,112.7508,,
2025-04-24 12:28:52,"person, person",-7.2492,112.7508,,
2025-04-24 12:28:54,"person, person, cell phone",-7.2492,112.7508,,
2025-04-24 12:28:56,"person, cell phone, person",-7.2492,112.7508,,
2025-04-24 12:28:57,"person, cell phone, person",-7.2492,112.7508,,
2025-04-24 12:28:57,"person, cell phone",-7.2492,112.7508,,
2025-04-24 12:28:59,"person, cell phone, person",-7.2492,112.7508,,
2025-04-24 12:29:00,"person, cell phone, cell phone, cell phone",-7.2492,112.7508,,
2025-04-24 12:29:01,"person, cell phone, person",-7.2492,112.7508,,
2025-04-24 12:29:02,"person, person",-7.2492,112.7508,,
2025-04-24 12:29:03,"person, person, cell phone, cell phone",-7.2492,112.7508,,
2025-04-24 12:29:05,"person, person",-7.2492,112.7508,,
2025-04-24 12:29:06,"person, person",-7.2492,112.7508,,
2025-04-24 12:29:07,"person, person",-7.2492,112.7508,,
2025-04-24 12:29:08,person,-7.2492,112.7508,,
2025-04-24 12:29:09,"person, person",-7.2492,112.7508,,
2025-04-24 12:29:10,"person, person",-7.2492,112.7508,,
2025-04-24 12:29:11,"person, person",-7.2492,112.7508,,
2025-04-24 12:29:12,"person, person",-7.2492,112.7508,,
2025-04-24 12:29:13,"person, person, person",-7.2492,112.7508,,
2025-04-24 12:29:15,"person, person",-7.2492,112.7508,,
2025-04-24 12:29:16,"person, person, person",-7.2492,112.7508,,
2025-04-24 12:29:17,"person, person, tie",-7.2492,112.7508,,
2025-04-24 12:29:17,"person, person",-7.2492,112.7508,,
2025-04-24 12:29:18,"person, person",-7.2492,112.7508,,
2025-04-24 12:29:18,"person, person",-7.2492,112.7508,,
2025-04-24 12:29:19,"person, person",-7.2492,112.7508,,
2025-04-24 12:29:20,"person, person",-7.2492,112.7508,,
2025-04-24 12:29:20,"person, person, cell phone, person",-7.2492,112.7508,,
2025-04-24 12:29:21,"person, person, person",-7.2492,112.7508,,
2025-04-24 12:29:21,"person, person",-7.2492,112.7508,,
2025-04-24 12:29:22,"person, person, cell phone",-7.2492,112.7508,,
2025-04-24 12:29:22,"person, person, cell phone",-7.2492,112.7508,,
2025-04-24 12:29:23,"person, person, cell phone",-7.2492,112.7508,,
2025-04-24 12:29:23,"person, person",-7.2492,112.7508,,
2025-04-24 12:29:24,"person, person",-7.2492,112.7508,,
2025-04-24 12:29:24,"person, person",-7.2492,112.7508,,
2025-04-24 12:29:25,"person, person, cell phone",-7.2492,112.7508,,
2025-04-24 12:29:25,"person, person",-7.2492,112.7508,,
2025-04-24 12:29:26,"person, person",-7.2492,112.7508,,
2025-04-24 12:29:26,"person, person",-7.2492,112.7508,,
2025-04-24 12:29:27,"person, person",-7.2492,112.7508,,
2025-04-24 12:29:27,"person, person",-7.2492,112.7508,,
2025-04-24 12:29:28,"person, person",-7.2492,112.7508,,
2025-04-24 12:29:29,"person, person",-7.2492,112.7508,,
2025-04-24 12:29:30,"person, person, person",-7.2492,112.7508,,
2025-04-24 12:29:30,"person, person",-7.2492,112.7508,,
2025-04-24 12:29:31,"person, person",-7.2492,112.7508,,
2025-04-24 12:29:31,"person, person",-7.2492,112.7508,,
2025-04-24 12:29:32,"person, person, cell phone, person, tie, cell phone",-7.2492,112.7508,,
2025-04-24 12:29:33,"person, person, cell phone, person",-7.2492,112.7508,,
2025-04-24 12:29:33,"person, person, cell phone, person",-7.2492,112.7508,,
2025-04-24 12:29:34,"person, cell phone, person, person, person",-7.2492,112.7508,,
2025-04-24 12:29:34,"person, person, person, cell phone, person, cell phone",-7.2492,112.7508,,
2025-04-24 12:29:35,"person, person, cell phone, person",-7.2492,112.7508,,
2025-04-24 12:29:35,"person, person, person, cell phone, cell phone",-7.2492,112.7508,,
2025-04-24 12:29:36,"person, cell phone, person, cell phone, person",-7.2492,112.7508,,
2025-04-24 12:29:37,"person, person, cell phone, person, person, clock",-7.2492,112.7508,,
2025-04-24 12:29:37,"person, person, person, person, person",-7.2492,112.7508,,
2025-04-24 12:29:38,"person, person, person, cell phone, person",-7.2492,112.7508,,
2025-04-24 12:29:38,"person, person, cell phone, person, person",-7.2492,112.7508,,
2025-04-24 12:29:39,"person, person, person, cell phone, cell phone",-7.2492,112.7508,,
2025-04-24 12:29:39,"person, cell phone, person, person",-7.2492,112.7508,,
2025-04-24 12:29:40,"person, person, cell phone",-7.2492,112.7508,,
2025-04-24 12:29:40,"person, person, cell phone",-7.2492,112.7508,,
2025-04-24 12:29:41,"person, cell phone, person",-7.2492,112.7508,,
2025-04-24 12:29:41,"person, person",-7.2492,112.7508,,
2025-04-24 12:29:42,"person, person",-7.2492,112.7508,,
2025-04-24 12:29:43,"person, person",-7.2492,112.7508,,
2025-04-24 12:29:43,"person, person, person",-7.2492,112.7508,,
2025-04-24 12:29:44,person,-7.2492,112.7508,,
2025-04-24 12:29:44,person,-7.2492,112.7508,,
2025-04-24 12:29:45,person,-7.2492,112.7508,,
2025-04-24 12:29:46,"person, person",-7.2492,112.7508,,
2025-04-24 12:29:46,person,-7.2492,112.7508,,
2025-04-24 12:29:47,person,-7.2492,112.7508,,
2025-04-24 12:29:47,person,-7.2492,112.7508,,
2025-04-24 12:29:48,"person, person",-7.2492,112.7508,,
2025-04-24 12:29:49,"person, person",-7.2492,112.7508,,
2025-04-24 12:29:49,"person, person",-7.2492,112.7508,,
2025-04-24 12:29:50,"person, person",-7.2492,112.7508,,
2025-04-24 12:29:50,"person, person",-7.2492,112.7508,,
2025-04-24 12:29:51,"person, person",-7.2492,112.7508,,
2025-04-24 12:29:51,"person, person",-7.2492,112.7508,,
2025-04-24 12:29:52,"person, person",-7.2492,112.7508,,
2025-04-24 12:29:53,"person, person",-7.2492,112.7508,,
2025-04-24 12:29:53,"person, person",-7.2492,112.7508,,
2025-04-24 12:29:54,"person, person, person",-7.2492,112.7508,,
2025-04-24 12:29:54,"person, person",-7.2492,112.7508,,
2025-04-24 12:29:55,"person, person, person",-7.2492,112.7508,,
2025-04-24 12:29:56,"person, person",-7.2492,112.7508,,
2025-04-24 12:29:56,"person, person",-7.2492,112.7508,,
2025-04-24 12:29:57,"person, person",-7.2492,112.7508,,
2025-04-24 12:29:57,"person, person",-7.2492,112.7508,,
2025-04-24 12:29:58,"person, person",-7.2492,112.7508,,
2025-04-24 12:29:59,"person, person",-7.2492,112.7508,,
2025-04-24 12:29:59,"person, person",-7.2492,112.7508,,
2025-04-24 12:30:00,"person, person",-7.2492,112.7508,,
2025-04-24 12:30:00,"person, person",-7.2492,112.7508,,
2025-04-24 12:30:01,"person, person",-7.2492,112.7508,,
2025-04-24 12:30:02,"person, person",-7.2492,112.7508,,
2025-04-24 12:30:02,"person, person, person",-7.2492,112.7508,,
2025-04-24 12:30:03,"person, person",-7.2492,112.7508,,
2025-04-24 12:30:03,"person, person",-7.2492,112.7508,,
2025-04-24 12:30:04,"person, person",-7.2492,112.7508,,
2025-04-24 12:30:05,"person, person",-7.2492,112.7508,,
2025-04-24 12:30:05,"person, person, person",-7.2492,112.7508,,
2025-04-24 12:30:06,"person, person",-7.2492,112.7508,,
2025-04-24 12:30:06,"person, person, motorcycle",-7.2492,112.7508,,
2025-04-24 12:30:07,"person, person",-7.2492,112.7508,,
2025-04-24 12:30:07,"person, person, person",-7.2492,112.7508,,
2025-04-24 12:30:08,"person, person, person, person",-7.2492,112.7508,,
2025-04-24 12:30:08,"person, person, person, person",-7.2492,112.7508,,
2025-04-24 12:30:09,"person, person, person, person",-7.2492,112.7508,,
2025-04-24 12:30:10,"person, person",-7.2492,112.7508,,
2025-04-24 12:30:10,"person, person",-7.2492,112.7508,,
2025-04-24 12:30:11,"person, person, person",-7.2492,112.7508,,
2025-04-24 12:30:11,"person, person",-7.2492,112.7508,,
2025-04-24 12:30:12,"person, person",-7.2492,112.7508,,
2025-04-24 12:30:13,"person, person",-7.2492,112.7508,,
2025-04-24 12:30:13,"person, person, sports ball",-7.2492,112.7508,,
2025-04-24 12:30:14,"person, person, sports ball, frisbee",-7.2492,112.7508,,
2025-04-24 12:30:14,"person, person",-7.2492,112.7508,,
2025-04-24 12:30:15,"person, person, person",-7.2492,112.7508,,
2025-04-24 12:30:16,"person, person, person",-7.2492,112.7508,,
2025-04-24 12:30:16,"person, person, person, person, person",-7.2492,112.7508,,
2025-04-24 12:30:17,"person, person, person, person",-7.2492,112.7508,,
2025-04-24 12:30:17,"person, person, person, person, person",-7.2492,112.7508,,
2025-04-24 12:30:18,"person, person, person, person",-7.2492,112.7508,,
2025-04-24 12:30:19,"person, person, person, cell phone",-7.2492,112.7508,,
2025-04-24 12:30:19,"person, person, cell phone, person, person",-7.2492,112.7508,,
2025-04-24 12:30:20,"cell phone, person, person, person",-7.2492,112.7508,,
2025-04-24 12:30:20,"person, cell phone, person, person",-7.2492,112.7508,,
2025-04-24 12:30:21,"cell phone, person, person, person",-7.2492,112.7508,,
2025-04-24 12:30:22,"person, cell phone, person, person",-7.2492,112.7508,,
2025-04-24 12:30:22,"cell phone, person, person, person, vase",-7.2492,112.7508,,
2025-04-24 12:30:23,"person, person, cell phone, person",-7.2492,112.7508,,
2025-04-24 12:30:23,"person, cell phone, person, person",-7.2492,112.7508,,
2025-04-24 12:30:24,"person, person, person",-7.2492,112.7508,,
2025-04-24 12:30:24,"cell phone, person, person, person",-7.2492,112.7508,,
2025-04-24 12:30:25,"cell phone, person, person, person, person",-7.2492,112.7508,,
2025-04-24 12:30:26,"person, person, person",-7.2492,112.7508,,
2025-04-24 12:30:26,"person, person, person",-7.2492,112.7508,,
2025-04-24 12:30:27,"person, person, person",-7.2492,112.7508,,
2025-04-24 12:30:27,"person, person",-7.2492,112.7508,,
